city,state_abbr,state,county,metro,lat,lng,building_count,city_description,updated_at,gsc_clicks,gsc_impressions,source_url
Fallon,NV,Nevada,,,,,,,,301,2371,https://m.rofo.com/NV/Fallon
Morristown,TN,Tennessee,,,,,,,,300,6124,https://m.rofo.com/TN/Morristown
Seymour,IN,Indiana,,,,,,,,283,3059,https://m.rofo.com/IN/Seymour
Johnson City,TN,Tennessee,,,,,,,,256,13593,https://m.rofo.com/TN/Johnson-City
Washington,NC,North Carolina,,,,,,,,249,5882,https://m.rofo.com/NC/Washington
Cabot,AR,Arkansas,,,,,,,,242,3533,https://m.rofo.com/AR/Cabot
Bardstown,KY,Kentucky,,,,,,,,236,2434,https://m.rofo.com/KY/Bardstown
Santa Fe,NM,New Mexico,,,,,,,,235,12436,https://m.rofo.com/NM/Santa-Fe
Bossier City,LA,Louisiana,,,,,,,,227,11692,https://m.rofo.com/LA/Bossier-City
Crossville,TN,Tennessee,,,,,,,,223,3341,https://m.rofo.com/TN/Crossville
Sevierville,TN,Tennessee,,,,,,,,222,6231,https://m.rofo.com/TN/Sevierville
Kingsport,TN,Tennessee,,,,,,,,217,8057,https://m.rofo.com/TN/Kingsport
Greeneville,TN,Tennessee,,,,,,,,217,3842,https://m.rofo.com/TN/Greeneville
Gatlinburg,TN,Tennessee,,,,,,,,216,4176,https://m.rofo.com/TN/Gatlinburg
Dallas,OR,Oregon,,,,,,,,214,3109,https://m.rofo.com/OR/Dallas
Grand Haven,MI,Michigan,,,,,,,,213,3478,https://m.rofo.com/MI/Grand-Haven
Dayton,TN,Tennessee,,,,,,,,210,8419,https://m.rofo.com/TN/Dayton
Newport,RI,Rhode Island,,,,,,,,204,13655,https://m.rofo.com/RI/Newport
Waterville,ME,Maine,,,,,,,,204,3714,https://m.rofo.com/ME/Waterville
Elizabethtown,KY,Kentucky,,,,,,,,203,7739,https://m.rofo.com/KY/Elizabethtown
Bluffton,SC,South Carolina,,,,,,,,202,12383,https://m.rofo.com/SC/Bluffton
West Monroe,LA,Louisiana,,,,,,,,198,5318,https://m.rofo.com/LA/West-Monroe
Cleveland,TN,Tennessee,,,,,,,,197,8717,https://m.rofo.com/TN/Cleveland
Farmington,NM,New Mexico,,,,,,,,193,4891,https://m.rofo.com/NM/Farmington
Ruidoso,NM,New Mexico,,,,,,,,192,1633,https://m.rofo.com/NM/Ruidoso
Silver City,NM,New Mexico,,,,,,,,190,1777,https://m.rofo.com/NM/Silver-City
Foley,AL,Alabama,,,,,,,,186,7722,https://m.rofo.com/AL/Foley
Laurel,MS,Mississippi,,,,,,,,183,5275,https://m.rofo.com/MS/Laurel
Maryville,TN,Tennessee,,,,,,,,182,4881,https://m.rofo.com/TN/Maryville
Salem,NH,New Hampshire,,,,,,,,180,12214,https://m.rofo.com/NH/Salem
Alexandria,LA,Louisiana,,,,,,,,179,11133,https://m.rofo.com/LA/Alexandria
Southport,NC,North Carolina,,,,,,,,179,4973,https://m.rofo.com/NC/Southport
Pigeon Forge,TN,Tennessee,,,,,,,,179,3689,https://m.rofo.com/TN/Pigeon-Forge
New Albany,IN,Indiana,,,,,,,,176,5815,https://m.rofo.com/IN/New-Albany
Denham Springs,LA,Louisiana,,,,,,,,176,3673,https://m.rofo.com/LA/Denham-Springs
Cookeville,TN,Tennessee,,,,,,,,173,4284,https://m.rofo.com/TN/Cookeville
Fairhope,AL,Alabama,,,,,,,,172,6729,https://m.rofo.com/AL/Fairhope
Sparta,TN,Tennessee,,,,,,,,171,1892,https://m.rofo.com/TN/Sparta
Gulf Shores,AL,Alabama,,,,,,,,169,8955,https://m.rofo.com/AL/Gulf-Shores
Hammond,LA,Louisiana,,,,,,,,168,6485,https://m.rofo.com/LA/Hammond
Kenner,LA,Louisiana,,,,,,,,167,4943,https://m.rofo.com/LA/Kenner
Dalton,GA,Georgia,,,,,,,,166,5069,https://m.rofo.com/GA/Dalton
Henderson,KY,Kentucky,,,,,,,,165,8579,https://m.rofo.com/KY/Henderson
Lenoir City,TN,Tennessee,,,,,,,,164,3114,https://m.rofo.com/TN/Lenoir-City
Ruston,LA,Louisiana,,,,,,,,164,2627,https://m.rofo.com/LA/Ruston
Athens,TN,Tennessee,,,,,,,,163,6122,https://m.rofo.com/TN/Athens
Batesville,AR,Arkansas,,,,,,,,159,1371,https://m.rofo.com/AR/Batesville
Slidell,LA,Louisiana,,,,,,,,158,5214,https://m.rofo.com/LA/Slidell
Crawfordsville,IN,Indiana,,,,,,,,156,2278,https://m.rofo.com/IN/Crawfordsville
Mount Washington,KY,Kentucky,,,,,,,,155,3686,https://m.rofo.com/KY/Mount-Washington
Amite,LA,Louisiana,,,,,,,,155,1670,https://m.rofo.com/LA/Amite
Columbia,MS,Mississippi,,,,,,,,154,6712,https://m.rofo.com/MS/Columbia
Leland,NC,North Carolina,,,,,,,,154,5065,https://m.rofo.com/NC/Leland
Ringgold,GA,Georgia,,,,,,,,154,4124,https://m.rofo.com/GA/Ringgold
Milton,FL,Florida,,,,,,,,152,6657,https://m.rofo.com/FL/Milton
Madison,IN,Indiana,,,,,,,,151,8612,https://m.rofo.com/IN/Madison
Hattiesburg,MS,Mississippi,,,,,,,,151,8284,https://m.rofo.com/MS/Hattiesburg
Conway,SC,South Carolina,,,,,,,,151,4663,https://m.rofo.com/SC/Conway
Dunlap,TN,Tennessee,,,,,,,,150,4407,https://m.rofo.com/TN/Dunlap
Wiggins,MS,Mississippi,,,,,,,,150,3393,https://m.rofo.com/MS/Wiggins
Natchez,MS,Mississippi,,,,,,,,148,1745,https://m.rofo.com/MS/Natchez
Marshall,TX,Texas,,,,,,,,147,3115,https://m.rofo.com/TX/Marshall
Meredith,NH,New Hampshire,,,,,,,,146,2001,https://m.rofo.com/NH/Meredith
Hazard,KY,Kentucky,,,,,,,,144,1442,https://m.rofo.com/KY/Hazard
Burgaw,NC,North Carolina,,,,,,,,143,1966,https://m.rofo.com/NC/Burgaw
Princeton,WV,West Virginia,,,,,,,,142,1140,https://m.rofo.com/WV/Princeton
Orange Beach,AL,Alabama,,,,,,,,141,9028,https://m.rofo.com/AL/Orange-Beach
Bolivar,MO,Missouri,,,,,,,,141,1658,https://m.rofo.com/MO/Bolivar
Brunswick,ME,Maine,,,,,,,,138,6519,https://m.rofo.com/ME/Brunswick
London,KY,Kentucky,,,,,,,,138,3030,https://m.rofo.com/KY/London
Opelousas,LA,Louisiana,,,,,,,,138,1802,https://m.rofo.com/LA/Opelousas
Lafayette,LA,Louisiana,,,,,,,,136,8957,https://m.rofo.com/LA/Lafayette
Myrtle Beach,SC,South Carolina,,,,,,,,136,7814,https://m.rofo.com/SC/Myrtle-Beach
Conway,AR,Arkansas,,,,,,,,136,5626,https://m.rofo.com/AR/Conway
Paris,KY,Kentucky,,,,,,,,136,2529,https://m.rofo.com/KY/Paris
Chalmette,LA,Louisiana,,,,,,,,135,2137,https://m.rofo.com/LA/Chalmette
Seymour,TN,Tennessee,,,,,,,,134,2009,https://m.rofo.com/TN/Seymour
Hopkinsville,KY,Kentucky,,,,,,,,133,2472,https://m.rofo.com/KY/Hopkinsville
Erwin,TN,Tennessee,,,,,,,,133,1631,https://m.rofo.com/TN/Erwin
Dickinson,ND,North Dakota,,,,,,,,132,3096,https://m.rofo.com/ND/Dickinson
Derry,NH,New Hampshire,,,,,,,,131,3804,https://m.rofo.com/NH/Derry
Rock Hill,SC,South Carolina,,,,,,,,130,12988,https://m.rofo.com/SC/Rock-Hill
Sanford,ME,Maine,,,,,,,,130,3655,https://m.rofo.com/ME/Sanford
Lewiston,ME,Maine,,,,,,,,130,3208,https://m.rofo.com/ME/Lewiston
Marshfield,MO,Missouri,,,,,,,,130,1086,https://m.rofo.com/MO/Marshfield
Blue Ridge,GA,Georgia,,,,,,,,129,2145,https://m.rofo.com/GA/Blue-Ridge
Sweetwater,TN,Tennessee,,,,,,,,129,1478,https://m.rofo.com/TN/Sweetwater
New London,NH,New Hampshire,,,,,,,,126,1896,https://m.rofo.com/NH/New-London
Marrero,LA,Louisiana,,,,,,,,125,2592,https://m.rofo.com/LA/Marrero
Jeffersonville,IN,Indiana,,,,,,,,124,4609,https://m.rofo.com/IN/Jeffersonville
Destin,FL,Florida,,,,,,,,124,3946,https://m.rofo.com/FL/Destin
Muncie,IN,Indiana,,,,,,,,123,5729,https://m.rofo.com/IN/Muncie
Zephyrhills,FL,Florida,,,,,,,,123,4145,https://m.rofo.com/FL/Zephyrhills
Berlin,MD,Maryland,,,,,,,,122,4558,https://m.rofo.com/MD/Berlin
Monroe,NC,North Carolina,,,,,,,,122,3369,https://m.rofo.com/NC/Monroe
Sulphur,LA,Louisiana,,,,,,,,122,2529,https://m.rofo.com/LA/Sulphur
Nashville,IN,Indiana,,,,,,,,122,1859,https://m.rofo.com/IN/Nashville
Greenwood,MS,Mississippi,,,,,,,,122,1342,https://m.rofo.com/MS/Greenwood
Richmond,IN,Indiana,,,,,,,,121,6312,https://m.rofo.com/IN/Richmond
Monroe,LA,Louisiana,,,,,,,,120,4484,https://m.rofo.com/LA/Monroe
Bristol,RI,Rhode Island,,,,,,,,120,4060,https://m.rofo.com/RI/Bristol
Franklin,NH,New Hampshire,,,,,,,,120,3398,https://m.rofo.com/NH/Franklin
Taylorsville,KY,Kentucky,,,,,,,,119,1635,https://m.rofo.com/KY/Taylorsville
North Port,FL,Florida,,,,,,,,118,8976,https://m.rofo.com/FL/North-Port
Los Lunas,NM,New Mexico,,,,,,,,118,2326,https://m.rofo.com/NM/Los-Lunas
Newburgh,IN,Indiana,,,,,,,,117,2789,https://m.rofo.com/IN/Newburgh
Gretna,LA,Louisiana,,,,,,,,117,2458,https://m.rofo.com/LA/Gretna
Columbus,MS,Mississippi,,,,,,,,116,7112,https://m.rofo.com/MS/Columbus
Port Charlotte,FL,Florida,,,,,,,,115,8477,https://m.rofo.com/FL/Port-Charlotte
Cumberland,MD,Maryland,,,,,,,,115,3698,https://m.rofo.com/MD/Cumberland
King,NC,North Carolina,,,,,,,,115,3301,https://m.rofo.com/NC/King
New Iberia,LA,Louisiana,,,,,,,,115,3135,https://m.rofo.com/LA/New-Iberia
Natchitoches,LA,Louisiana,,,,,,,,115,1376,https://m.rofo.com/LA/Natchitoches
Plymouth,NH,New Hampshire,,,,,,,,114,3263,https://m.rofo.com/NH/Plymouth
Vicksburg,MS,Mississippi,,,,,,,,114,2779,https://m.rofo.com/MS/Vicksburg
Youngsville,LA,Louisiana,,,,,,,,114,1845,https://m.rofo.com/LA/Youngsville
Somerset,KY,Kentucky,,,,,,,,113,3749,https://m.rofo.com/KY/Somerset
Kingston,TN,Tennessee,,,,,,,,113,1976,https://m.rofo.com/TN/Kingston
Calabash,NC,North Carolina,,,,,,,,113,1202,https://m.rofo.com/NC/Calabash
Madisonville,KY,Kentucky,,,,,,,,112,1916,https://m.rofo.com/KY/Madisonville
New Bern,NC,North Carolina,,,,,,,,110,3760,https://m.rofo.com/NC/New-Bern
Wolfeboro,NH,New Hampshire,,,,,,,,110,935,https://m.rofo.com/NH/Wolfeboro
Knoxville,TN,Tennessee,,,,,,,,109,14676,https://m.rofo.com/TN/Knoxville
Fenton,MI,Michigan,,,,,,,,109,4747,https://m.rofo.com/MI/Fenton
Navarre,FL,Florida,,,,,,,,109,3122,https://m.rofo.com/FL/Navarre
Wells,ME,Maine,,,,,,,,109,2273,https://m.rofo.com/ME/Wells
Rayville,LA,Louisiana,,,,,,,,109,798,https://m.rofo.com/LA/Rayville
Orland,CA,California,,,,,,,,109,713,https://m.rofo.com/CA/Orland
Rio Rancho,NM,New Mexico,,,,,,,,108,6546,https://m.rofo.com/NM/Rio-Rancho
Espanola,NM,New Mexico,,,,,,,,108,1558,https://m.rofo.com/NM/Espanola
Windham,NH,New Hampshire,,,,,,,,107,2618,https://m.rofo.com/NH/Windham
Warwick,RI,Rhode Island,,,,,,,,106,8719,https://m.rofo.com/RI/Warwick
Anderson,IN,Indiana,,,,,,,,106,5852,https://m.rofo.com/IN/Anderson
Pendleton,OR,Oregon,,,,,,,,106,2395,https://m.rofo.com/OR/Pendleton
Atmore,AL,Alabama,,,,,,,,106,1631,https://m.rofo.com/AL/Atmore
Hutchinson,MN,Minnesota,,,,,,,,106,1159,https://m.rofo.com/MN/Hutchinson
Rexburg,ID,Idaho,,,,,,,,105,3623,https://m.rofo.com/ID/Rexburg
Canton,TX,Texas,,,,,,,,105,1861,https://m.rofo.com/TX/Canton
Taos,NM,New Mexico,,,,,,,,105,1837,https://m.rofo.com/NM/Taos
Gallup,NM,New Mexico,,,,,,,,105,1170,https://m.rofo.com/NM/Gallup
Houma,LA,Louisiana,,,,,,,,104,3049,https://m.rofo.com/LA/Houma
Joshua Tree,CA,California,,,,,,,,104,1744,https://m.rofo.com/CA/Joshua-Tree
Columbus,IN,Indiana,,,,,,,,103,8247,https://m.rofo.com/IN/Columbus
Claremore,OK,Oklahoma,,,,,,,,103,1687,https://m.rofo.com/OK/Claremore
Las Vegas,NM,New Mexico,,,,,,,,101,3852,https://m.rofo.com/NM/Las-Vegas
Beckley,WV,West Virginia,,,,,,,,101,3131,https://m.rofo.com/WV/Beckley
Tremonton,UT,Utah,,,,,,,,101,1106,https://m.rofo.com/UT/Tremonton
Carolina Beach,NC,North Carolina,,,,,,,,100,2244,https://m.rofo.com/NC/Carolina-Beach
Shallotte,NC,North Carolina,,,,,,,,100,1674,https://m.rofo.com/NC/Shallotte
Madisonville,TN,Tennessee,,,,,,,,100,1239,https://m.rofo.com/TN/Madisonville
Lawrenceburg,KY,Kentucky,,,,,,,,99,2183,https://m.rofo.com/KY/Lawrenceburg
Apollo Beach,FL,Florida,,,,,,,,99,1888,https://m.rofo.com/FL/Apollo-Beach
Petal,MS,Mississippi,,,,,,,,99,1749,https://m.rofo.com/MS/Petal
Homestead,FL,Florida,,,,,,,,98,5903,https://m.rofo.com/FL/Homestead
Rockford,MI,Michigan,,,,,,,,98,2980,https://m.rofo.com/MI/Rockford
Adrian,MI,Michigan,,,,,,,,98,1678,https://m.rofo.com/MI/Adrian
Leitchfield,KY,Kentucky,,,,,,,,98,975,https://m.rofo.com/KY/Leitchfield
Fort Walton Beach,FL,Florida,,,,,,,,97,4372,https://m.rofo.com/FL/Fort-Walton-Beach
Ocean Springs,MS,Mississippi,,,,,,,,97,2851,https://m.rofo.com/MS/Ocean-Springs
Saco,ME,Maine,,,,,,,,97,2801,https://m.rofo.com/ME/Saco
Forest City,NC,North Carolina,,,,,,,,97,2088,https://m.rofo.com/NC/Forest-City
Jesup,GA,Georgia,,,,,,,,97,1265,https://m.rofo.com/GA/Jesup
Concord,NH,New Hampshire,,,,,,,,96,13100,https://m.rofo.com/NH/Concord
Lake Charles,LA,Louisiana,,,,,,,,96,7854,https://m.rofo.com/LA/Lake-Charles
Soddy Daisy,TN,Tennessee,,,,,,,,96,5003,https://m.rofo.com/TN/Soddy-Daisy
Jasper,TN,Tennessee,,,,,,,,96,4181,https://m.rofo.com/TN/Jasper
Hendersonville,NC,North Carolina,,,,,,,,96,2594,https://m.rofo.com/NC/Hendersonville
Radcliff,KY,Kentucky,,,,,,,,96,1950,https://m.rofo.com/KY/Radcliff
Walterboro,SC,South Carolina,,,,,,,,96,1938,https://m.rofo.com/SC/Walterboro
Elizabethton,TN,Tennessee,,,,,,,,95,1961,https://m.rofo.com/TN/Elizabethton
Byram,MS,Mississippi,,,,,,,,95,1886,https://m.rofo.com/MS/Byram
Hampton,NH,New Hampshire,,,,,,,,94,6108,https://m.rofo.com/NH/Hampton
York,ME,Maine,,,,,,,,94,2992,https://m.rofo.com/ME/York
Murrells Inlet,SC,South Carolina,,,,,,,,94,2832,https://m.rofo.com/SC/Murrells-Inlet
Davison,MI,Michigan,,,,,,,,94,1683,https://m.rofo.com/MI/Davison
Goffstown,NH,New Hampshire,,,,,,,,94,1561,https://m.rofo.com/NH/Goffstown
Palmetto,FL,Florida,,,,,,,,91,2834,https://m.rofo.com/FL/Palmetto
Oak Island,NC,North Carolina,,,,,,,,91,1239,https://m.rofo.com/NC/Oak-Island
Cairo,GA,Georgia,,,,,,,,91,1105,https://m.rofo.com/GA/Cairo
Lebanon,NH,New Hampshire,,,,,,,,90,2459,https://m.rofo.com/NH/Lebanon
Clovis,NM,New Mexico,,,,,,,,89,5786,https://m.rofo.com/NM/Clovis
Holland,MI,Michigan,,,,,,,,89,3598,https://m.rofo.com/MI/Holland
Clinton,TN,Tennessee,,,,,,,,89,2104,https://m.rofo.com/TN/Clinton
Jonesborough,TN,Tennessee,,,,,,,,89,1640,https://m.rofo.com/TN/Jonesborough
Thibodaux,LA,Louisiana,,,,,,,,89,1639,https://m.rofo.com/LA/Thibodaux
Pueblo,CO,Colorado,,,,,,,,88,5686,https://m.rofo.com/CO/Pueblo
Bay City,MI,Michigan,,,,,,,,87,3884,https://m.rofo.com/MI/Bay-City
Englewood,FL,Florida,,,,,,,,87,3777,https://m.rofo.com/FL/Englewood
Winchester,KY,Kentucky,,,,,,,,87,2599,https://m.rofo.com/KY/Winchester
Orange Park,FL,Florida,,,,,,,,86,6157,https://m.rofo.com/FL/Orange-Park
Bristol,TN,Tennessee,,,,,,,,86,4280,https://m.rofo.com/TN/Bristol
Ada,MI,Michigan,,,,,,,,86,4185,https://m.rofo.com/MI/Ada
Alamogordo,NM,New Mexico,,,,,,,,86,1371,https://m.rofo.com/NM/Alamogordo
Lexington,NC,North Carolina,,,,,,,,85,5897,https://m.rofo.com/NC/Lexington
Key Largo,FL,Florida,,,,,,,,85,3320,https://m.rofo.com/FL/Key-Largo
Laconia,NH,New Hampshire,,,,,,,,85,2272,https://m.rofo.com/NH/Laconia
Kissimmee,FL,Florida,,,,,,,,84,12302,https://m.rofo.com/FL/Kissimmee
Malvern,AR,Arkansas,,,,,,,,84,2703,https://m.rofo.com/AR/Malvern
Pearl,MS,Mississippi,,,,,,,,84,2547,https://m.rofo.com/MS/Pearl
Florence,OR,Oregon,,,,,,,,84,952,https://m.rofo.com/OR/Florence
Leesville,LA,Louisiana,,,,,,,,83,899,https://m.rofo.com/LA/Leesville
Brentwood,CA,California,,,,,,,,82,7724,https://m.rofo.com/CA/Brentwood
Hixson,TN,Tennessee,,,,,,,,82,4458,https://m.rofo.com/TN/Hixson
Biddeford,ME,Maine,,,,,,,,82,2862,https://m.rofo.com/ME/Biddeford
Loris,SC,South Carolina,,,,,,,,82,1250,https://m.rofo.com/SC/Loris
Loudon,TN,Tennessee,,,,,,,,81,1684,https://m.rofo.com/TN/Loudon
Rifle,CO,Colorado,,,,,,,,81,1377,https://m.rofo.com/CO/Rifle
Signal Mountain,TN,Tennessee,,,,,,,,81,1082,https://m.rofo.com/TN/Signal-Mountain
Arcadia,FL,Florida,,,,,,,,80,2550,https://m.rofo.com/FL/Arcadia
Canton,NC,North Carolina,,,,,,,,80,2216,https://m.rofo.com/NC/Canton
White River Junction,VT,Vermont,,,,,,,,80,1354,https://m.rofo.com/VT/White-River-Junction
Bradenton,FL,Florida,,,,,,,,79,10497,https://m.rofo.com/FL/Bradenton
Camden,AR,Arkansas,,,,,,,,79,2725,https://m.rofo.com/AR/Camden
Londonderry,NH,New Hampshire,,,,,,,,79,2513,https://m.rofo.com/NH/Londonderry
Merrimack,NH,New Hampshire,,,,,,,,78,4224,https://m.rofo.com/NH/Merrimack
Plainfield,IL,Illinois,,,,,,,,78,2992,https://m.rofo.com/IL/Plainfield
Canton,MS,Mississippi,,,,,,,,78,2848,https://m.rofo.com/MS/Canton
Hobbs,NM,New Mexico,,,,,,,,78,1624,https://m.rofo.com/NM/Hobbs
Burley,ID,Idaho,,,,,,,,78,1624,https://m.rofo.com/ID/Burley
Breaux Bridge,LA,Louisiana,,,,,,,,78,1518,https://m.rofo.com/LA/Breaux-Bridge
Hayden,ID,Idaho,,,,,,,,77,2972,https://m.rofo.com/ID/Hayden
Loves Park,IL,Illinois,,,,,,,,77,2044,https://m.rofo.com/IL/Loves-Park
Scottsburg,IN,Indiana,,,,,,,,77,1418,https://m.rofo.com/IN/Scottsburg
Pontotoc,MS,Mississippi,,,,,,,,77,1087,https://m.rofo.com/MS/Pontotoc
Elk Grove,CA,California,,,,,,,,76,21472,https://m.rofo.com/CA/Elk-Grove
Mount Pleasant,MI,Michigan,,,,,,,,76,5241,https://m.rofo.com/MI/Mount-Pleasant
Grand Blanc,MI,Michigan,,,,,,,,76,2292,https://m.rofo.com/MI/Grand-Blanc
Mountain Home,AR,Arkansas,,,,,,,,76,1115,https://m.rofo.com/AR/Mountain-Home
Carencro,LA,Louisiana,,,,,,,,76,1045,https://m.rofo.com/LA/Carencro
Blairsville,GA,Georgia,,,,,,,,76,930,https://m.rofo.com/GA/Blairsville
Blytheville,AR,Arkansas,,,,,,,,76,754,https://m.rofo.com/AR/Blytheville
Hanover,NH,New Hampshire,,,,,,,,75,3142,https://m.rofo.com/NH/Hanover
Richmond Hill,GA,Georgia,,,,,,,,75,2924,https://m.rofo.com/GA/Richmond-Hill
Bath,ME,Maine,,,,,,,,75,1914,https://m.rofo.com/ME/Bath
Newport,TN,Tennessee,,,,,,,,75,1586,https://m.rofo.com/TN/Newport
Dunnellon,FL,Florida,,,,,,,,75,1217,https://m.rofo.com/FL/Dunnellon
Shreveport,LA,Louisiana,,,,,,,,74,19760,https://m.rofo.com/LA/Shreveport
Mandeville,LA,Louisiana,,,,,,,,74,3437,https://m.rofo.com/LA/Mandeville
Clinton,MS,Mississippi,,,,,,,,74,1706,https://m.rofo.com/MS/Clinton
Tecumseh,MI,Michigan,,,,,,,,74,778,https://m.rofo.com/MI/Tecumseh
Yuma,AZ,Arizona,,,,,,,,73,9140,https://m.rofo.com/AZ/Yuma
Middletown,RI,Rhode Island,,,,,,,,73,5477,https://m.rofo.com/RI/Middletown
Gonzales,LA,Louisiana,,,,,,,,73,3043,https://m.rofo.com/LA/Gonzales
Beloit,WI,Wisconsin,,,,,,,,73,2484,https://m.rofo.com/WI/Beloit
Baker,LA,Louisiana,,,,,,,,73,2043,https://m.rofo.com/LA/Baker
Pineville,LA,Louisiana,,,,,,,,73,1379,https://m.rofo.com/LA/Pineville
New Roads,LA,Louisiana,,,,,,,,73,919,https://m.rofo.com/LA/New-Roads
Prattville,AL,Alabama,,,,,,,,72,8894,https://m.rofo.com/AL/Prattville
Indio,CA,California,,,,,,,,72,6026,https://m.rofo.com/CA/Indio
Richmond,KY,Kentucky,,,,,,,,72,2488,https://m.rofo.com/KY/Richmond
Machesney Park,IL,Illinois,,,,,,,,72,1456,https://m.rofo.com/IL/Machesney-Park
Dandridge,TN,Tennessee,,,,,,,,72,1180,https://m.rofo.com/TN/Dandridge
Immokalee,FL,Florida,,,,,,,,72,1141,https://m.rofo.com/FL/Immokalee
Byron,IL,Illinois,,,,,,,,72,991,https://m.rofo.com/IL/Byron
Covington,LA,Louisiana,,,,,,,,71,3739,https://m.rofo.com/LA/Covington
Coventry,RI,Rhode Island,,,,,,,,71,3051,https://m.rofo.com/RI/Coventry
Exeter,NH,New Hampshire,,,,,,,,71,2561,https://m.rofo.com/NH/Exeter
Prospect,KY,Kentucky,,,,,,,,71,2376,https://m.rofo.com/KY/Prospect
West Memphis,AR,Arkansas,,,,,,,,71,2152,https://m.rofo.com/AR/West-Memphis
Roscoe,IL,Illinois,,,,,,,,71,1711,https://m.rofo.com/IL/Roscoe
Sturgeon Bay,WI,Wisconsin,,,,,,,,71,1285,https://m.rofo.com/WI/Sturgeon-Bay
Metairie,LA,Louisiana,,,,,,,,70,9748,https://m.rofo.com/LA/Metairie
Hilton Head Island,SC,South Carolina,,,,,,,,70,2537,https://m.rofo.com/SC/Hilton-Head-Island
Grosse Pointe,MI,Michigan,,,,,,,,70,1868,https://m.rofo.com/MI/Grosse-Pointe
Sedalia,MO,Missouri,,,,,,,,70,1784,https://m.rofo.com/MO/Sedalia
Frankfort,KY,Kentucky,,,,,,,,68,3247,https://m.rofo.com/KY/Frankfort
Luling,LA,Louisiana,,,,,,,,68,1847,https://m.rofo.com/LA/Luling
La Pine,OR,Oregon,,,,,,,,68,1002,https://m.rofo.com/OR/La-Pine
Batesville,MS,Mississippi,,,,,,,,68,838,https://m.rofo.com/MS/Batesville
Post Falls,ID,Idaho,,,,,,,,67,3342,https://m.rofo.com/ID/Post-Falls
Bangor,ME,Maine,,,,,,,,67,2909,https://m.rofo.com/ME/Bangor
Crestview,FL,Florida,,,,,,,,67,2181,https://m.rofo.com/FL/Crestview
Gillette,WY,Wyoming,,,,,,,,67,1437,https://m.rofo.com/WY/Gillette
Pelham,NH,New Hampshire,,,,,,,,67,889,https://m.rofo.com/NH/Pelham
Crowley,LA,Louisiana,,,,,,,,67,856,https://m.rofo.com/LA/Crowley
Liverpool,NY,New York,,,,,,,,66,3137,https://m.rofo.com/NY/Liverpool
Aurora,MO,Missouri,,,,,,,,66,2340,https://m.rofo.com/MO/Aurora
Hampstead,NC,North Carolina,,,,,,,,66,2027,https://m.rofo.com/NC/Hampstead
Angola,IN,Indiana,,,,,,,,66,1689,https://m.rofo.com/IN/Angola
Thomasville,NC,North Carolina,,,,,,,,65,1815,https://m.rofo.com/NC/Thomasville
Bridgton,ME,Maine,,,,,,,,65,686,https://m.rofo.com/ME/Bridgton
Greenville,NC,North Carolina,,,,,,,,64,4701,https://m.rofo.com/NC/Greenville
Spring Hill,FL,Florida,,,,,,,,64,3639,https://m.rofo.com/FL/Spring-Hill
East Greenwich,RI,Rhode Island,,,,,,,,64,2966,https://m.rofo.com/RI/East-Greenwich
Salisbury,MD,Maryland,,,,,,,,64,2460,https://m.rofo.com/MD/Salisbury
Saraland,AL,Alabama,,,,,,,,64,1766,https://m.rofo.com/AL/Saraland
Barnesville,GA,Georgia,,,,,,,,64,1691,https://m.rofo.com/GA/Barnesville
Parrish,FL,Florida,,,,,,,,64,1627,https://m.rofo.com/FL/Parrish
Allegan,MI,Michigan,,,,,,,,64,1216,https://m.rofo.com/MI/Allegan
Westerly,RI,Rhode Island,,,,,,,,63,2632,https://m.rofo.com/RI/Westerly
Brownwood,TX,Texas,,,,,,,,63,1171,https://m.rofo.com/TX/Brownwood
Hartwell,GA,Georgia,,,,,,,,63,1050,https://m.rofo.com/GA/Hartwell
Buffalo,MO,Missouri,,,,,,,,62,1205,https://m.rofo.com/MO/Buffalo
Jamestown,RI,Rhode Island,,,,,,,,62,697,https://m.rofo.com/RI/Jamestown
Ellisville,MS,Mississippi,,,,,,,,62,694,https://m.rofo.com/MS/Ellisville
Picayune,MS,Mississippi,,,,,,,,61,1688,https://m.rofo.com/MS/Picayune
Winterville,NC,North Carolina,,,,,,,,61,939,https://m.rofo.com/NC/Winterville
Maurice,LA,Louisiana,,,,,,,,61,651,https://m.rofo.com/LA/Maurice
El Dorado Hills,CA,California,,,,,,,,60,6003,https://m.rofo.com/CA/El-Dorado-Hills
Greenville,MI,Michigan,,,,,,,,60,2654,https://m.rofo.com/MI/Greenville
Peterborough,NH,New Hampshire,,,,,,,,60,1888,https://m.rofo.com/NH/Peterborough
Bedford,IN,Indiana,,,,,,,,60,1865,https://m.rofo.com/IN/Bedford
Palm Desert,CA,California,,,,,,,,59,6820,https://m.rofo.com/CA/Palm-Desert
Punta Gorda,FL,Florida,,,,,,,,59,5715,https://m.rofo.com/FL/Punta-Gorda
Century,FL,Florida,,,,,,,,59,2442,https://m.rofo.com/FL/Century
Lapeer,MI,Michigan,,,,,,,,59,2145,https://m.rofo.com/MI/Lapeer
Selinsgrove,PA,Pennsylvania,,,,,,,,59,1237,https://m.rofo.com/PA/Selinsgrove
Poplarville,MS,Mississippi,,,,,,,,59,1130,https://m.rofo.com/MS/Poplarville
Brookhaven,MS,Mississippi,,,,,,,,59,991,https://m.rofo.com/MS/Brookhaven
Coeur D Alene,ID,Idaho,,,,,,,,58,4745,https://m.rofo.com/ID/Coeur-D-Alene
Augusta,ME,Maine,,,,,,,,58,3998,https://m.rofo.com/ME/Augusta
Pahrump,NV,Nevada,,,,,,,,58,2360,https://m.rofo.com/NV/Pahrump
Pooler,GA,Georgia,,,,,,,,58,2157,https://m.rofo.com/GA/Pooler
Coldwater,MI,Michigan,,,,,,,,58,1064,https://m.rofo.com/MI/Coldwater
Crockett,TX,Texas,,,,,,,,58,598,https://m.rofo.com/TX/Crockett
Daphne,AL,Alabama,,,,,,,,57,4908,https://m.rofo.com/AL/Daphne
Hammond,IN,Indiana,,,,,,,,57,4744,https://m.rofo.com/IN/Hammond
Land O Lakes,FL,Florida,,,,,,,,57,2417,https://m.rofo.com/FL/Land-O-Lakes
Lowell,MI,Michigan,,,,,,,,57,2256,https://m.rofo.com/MI/Lowell
Crestwood,KY,Kentucky,,,,,,,,57,2070,https://m.rofo.com/KY/Crestwood
North Vernon,IN,Indiana,,,,,,,,57,1569,https://m.rofo.com/IN/North-Vernon
Broussard,LA,Louisiana,,,,,,,,57,835,https://m.rofo.com/LA/Broussard
Moriarty,NM,New Mexico,,,,,,,,57,715,https://m.rofo.com/NM/Moriarty
Cortez,CO,Colorado,,,,,,,,57,620,https://m.rofo.com/CO/Cortez
Hudson,NH,New Hampshire,,,,,,,,56,4765,https://m.rofo.com/NH/Hudson
Auburn,ME,Maine,,,,,,,,56,4631,https://m.rofo.com/ME/Auburn
Rossville,GA,Georgia,,,,,,,,56,1385,https://m.rofo.com/GA/Rossville
Raymond,NH,New Hampshire,,,,,,,,56,1185,https://m.rofo.com/NH/Raymond
Quincy,CA,California,,,,,,,,56,890,https://m.rofo.com/CA/Quincy
Barrington,RI,Rhode Island,,,,,,,,56,832,https://m.rofo.com/RI/Barrington
Huron,SD,South Dakota,,,,,,,,56,670,https://m.rofo.com/SD/Huron
Houlton,ME,Maine,,,,,,,,56,437,https://m.rofo.com/ME/Houlton
Antioch,CA,California,,,,,,,,55,14440,https://m.rofo.com/CA/Antioch
Ormond Beach,FL,Florida,,,,,,,,55,3200,https://m.rofo.com/FL/Ormond-Beach
Harrison,AR,Arkansas,,,,,,,,55,2575,https://m.rofo.com/AR/Harrison
Oak Ridge,TN,Tennessee,,,,,,,,55,2357,https://m.rofo.com/TN/Oak-Ridge
Milan,MI,Michigan,,,,,,,,55,2124,https://m.rofo.com/MI/Milan
Warren,RI,Rhode Island,,,,,,,,55,1552,https://m.rofo.com/RI/Warren
Hampstead,NH,New Hampshire,,,,,,,,55,1256,https://m.rofo.com/NH/Hampstead
Woodland Park,CO,Colorado,,,,,,,,55,1214,https://m.rofo.com/CO/Woodland-Park
Stephens City,VA,Virginia,,,,,,,,55,1189,https://m.rofo.com/VA/Stephens-City
Weare,NH,New Hampshire,,,,,,,,55,505,https://m.rofo.com/NH/Weare
Janesville,WI,Wisconsin,,,,,,,,54,4689,https://m.rofo.com/WI/Janesville
Rohnert Park,CA,California,,,,,,,,54,3846,https://m.rofo.com/CA/Rohnert-Park
Inverness,FL,Florida,,,,,,,,54,1399,https://m.rofo.com/FL/Inverness
Big Rapids,MI,Michigan,,,,,,,,54,1029,https://m.rofo.com/MI/Big-Rapids
Beeville,TX,Texas,,,,,,,,54,896,https://m.rofo.com/TX/Beeville
Minden,LA,Louisiana,,,,,,,,54,870,https://m.rofo.com/LA/Minden
Abita Springs,LA,Louisiana,,,,,,,,54,851,https://m.rofo.com/LA/Abita-Springs
Camdenton,MO,Missouri,,,,,,,,54,836,https://m.rofo.com/MO/Camdenton
Boonville,IN,Indiana,,,,,,,,54,768,https://m.rofo.com/IN/Boonville
Monument,CO,Colorado,,,,,,,,53,3375,https://m.rofo.com/CO/Monument
Ooltewah,TN,Tennessee,,,,,,,,53,3023,https://m.rofo.com/TN/Ooltewah
Bluffton,IN,Indiana,,,,,,,,53,3014,https://m.rofo.com/IN/Bluffton
Lewes,DE,Delaware,,,,,,,,53,2304,https://m.rofo.com/DE/Lewes
Dallas,GA,Georgia,,,,,,,,53,1802,https://m.rofo.com/GA/Dallas
Diberville,MS,Mississippi,,,,,,,,53,1469,https://m.rofo.com/MS/Diberville
Lake Geneva,WI,Wisconsin,,,,,,,,53,1105,https://m.rofo.com/WI/Lake-Geneva
Mount Shasta,CA,California,,,,,,,,53,1032,https://m.rofo.com/CA/Mount-Shasta
North Providence,RI,Rhode Island,,,,,,,,52,6657,https://m.rofo.com/RI/North-Providence
Largo,FL,Florida,,,,,,,,52,5969,https://m.rofo.com/FL/Largo
Battle Creek,MI,Michigan,,,,,,,,52,3115,https://m.rofo.com/MI/Battle-Creek
Hernando,MS,Mississippi,,,,,,,,52,2581,https://m.rofo.com/MS/Hernando
Ponchatoula,LA,Louisiana,,,,,,,,52,1488,https://m.rofo.com/LA/Ponchatoula
Hamtramck,MI,Michigan,,,,,,,,52,1297,https://m.rofo.com/MI/Hamtramck
Zachary,LA,Louisiana,,,,,,,,52,1251,https://m.rofo.com/LA/Zachary
Rockland,ME,Maine,,,,,,,,52,906,https://m.rofo.com/ME/Rockland
Gray,ME,Maine,,,,,,,,52,884,https://m.rofo.com/ME/Gray
Calais,ME,Maine,,,,,,,,52,337,https://m.rofo.com/ME/Calais
Clermont,FL,Florida,,,,,,,,51,2624,https://m.rofo.com/FL/Clermont
Skowhegan,ME,Maine,,,,,,,,51,547,https://m.rofo.com/ME/Skowhegan
Truth Or Consequences,NM,New Mexico,,,,,,,,51,524,https://m.rofo.com/NM/Truth-or-Consequences
Lodi,CA,California,,,,,,,,50,3125,https://m.rofo.com/CA/Lodi
Gulf Breeze,FL,Florida,,,,,,,,50,2617,https://m.rofo.com/FL/Gulf-Breeze
Calhoun,GA,Georgia,,,,,,,,50,1699,https://m.rofo.com/GA/Calhoun
Powell,TN,Tennessee,,,,,,,,50,1527,https://m.rofo.com/TN/Powell
Clemmons,NC,North Carolina,,,,,,,,50,1422,https://m.rofo.com/NC/Clemmons
Tahlequah,OK,Oklahoma,,,,,,,,50,1282,https://m.rofo.com/OK/Tahlequah
Port Huron,MI,Michigan,,,,,,,,50,1238,https://m.rofo.com/MI/Port-Huron
Epping,NH,New Hampshire,,,,,,,,50,1116,https://m.rofo.com/NH/Epping
Walker,LA,Louisiana,,,,,,,,50,880,https://m.rofo.com/LA/Walker
Old Orchard Beach,ME,Maine,,,,,,,,50,868,https://m.rofo.com/ME/Old-Orchard-Beach
Cambridge,MD,Maryland,,,,,,,,49,4084,https://m.rofo.com/MD/Cambridge
Newton,KS,Kansas,,,,,,,,49,3580,https://m.rofo.com/KS/Newton
Hayward,WI,Wisconsin,,,,,,,,49,2094,https://m.rofo.com/WI/Hayward
Kingsburg,CA,California,,,,,,,,49,697,https://m.rofo.com/CA/Kingsburg
Vista,CA,California,,,,,,,,48,7736,https://m.rofo.com/CA/Vista
Plant City,FL,Florida,,,,,,,,48,3449,https://m.rofo.com/FL/Plant-City
Meridian,MS,Mississippi,,,,,,,,48,1989,https://m.rofo.com/MS/Meridian
Hailey,ID,Idaho,,,,,,,,48,1187,https://m.rofo.com/ID/Hailey
Plaquemine,LA,Louisiana,,,,,,,,48,997,https://m.rofo.com/LA/Plaquemine
Silverton,OR,Oregon,,,,,,,,48,963,https://m.rofo.com/OR/Silverton
Mahomet,IL,Illinois,,,,,,,,48,775,https://m.rofo.com/IL/Mahomet
High Point,NC,North Carolina,,,,,,,,47,7511,https://m.rofo.com/NC/High-Point
Newburyport,MA,Massachusetts,,,,,,,,47,2157,https://m.rofo.com/MA/Newburyport
Trenton,GA,Georgia,,,,,,,,47,1642,https://m.rofo.com/GA/Trenton
Seffner,FL,Florida,,,,,,,,47,1615,https://m.rofo.com/FL/Seffner
Marion,IN,Indiana,,,,,,,,47,1545,https://m.rofo.com/IN/Marion
Palatka,FL,Florida,,,,,,,,47,1379,https://m.rofo.com/FL/Palatka
Ramona,CA,California,,,,,,,,47,1275,https://m.rofo.com/CA/Ramona
Paw Paw,MI,Michigan,,,,,,,,47,1169,https://m.rofo.com/MI/Paw-Paw
Rincon,GA,Georgia,,,,,,,,47,1029,https://m.rofo.com/GA/Rincon
Spring Lake,MI,Michigan,,,,,,,,47,712,https://m.rofo.com/MI/Spring-Lake
Odessa,FL,Florida,,,,,,,,46,2615,https://m.rofo.com/FL/Odessa
Grand Rapids,MN,Minnesota,,,,,,,,46,2377,https://m.rofo.com/MN/Grand-Rapids
Sumter,SC,South Carolina,,,,,,,,46,1645,https://m.rofo.com/SC/Sumter
Sneads Ferry,NC,North Carolina,,,,,,,,46,1622,https://m.rofo.com/NC/Sneads-Ferry
Ocean City,MD,Maryland,,,,,,,,46,1576,https://m.rofo.com/MD/Ocean-City
Oneida,TN,Tennessee,,,,,,,,46,452,https://m.rofo.com/TN/Oneida
Twisp,WA,Washington,,,,,,,,46,450,https://m.rofo.com/WA/Twisp
Destrehan,LA,Louisiana,,,,,,,,46,435,https://m.rofo.com/LA/Destrehan
Santee,SC,South Carolina,,,,,,,,46,414,https://m.rofo.com/SC/Santee
Milford,NH,New Hampshire,,,,,,,,45,1207,https://m.rofo.com/NH/Milford
Jenison,MI,Michigan,,,,,,,,45,1158,https://m.rofo.com/MI/Jenison
Greenville,MS,Mississippi,,,,,,,,45,869,https://m.rofo.com/MS/Greenville
Starkville,MS,Mississippi,,,,,,,,45,783,https://m.rofo.com/MS/Starkville
Big Pine Key,FL,Florida,,,,,,,,45,678,https://m.rofo.com/FL/Big-Pine-Key
Beulaville,NC,North Carolina,,,,,,,,45,364,https://m.rofo.com/NC/Beulaville
Brighton,MI,Michigan,,,,,,,,44,4832,https://m.rofo.com/MI/Brighton
Lexington,TN,Tennessee,,,,,,,,44,1986,https://m.rofo.com/TN/Lexington
Chesterton,IN,Indiana,,,,,,,,44,1299,https://m.rofo.com/IN/Chesterton
Freeport,IL,Illinois,,,,,,,,44,1173,https://m.rofo.com/IL/Freeport
Brenham,TX,Texas,,,,,,,,44,1090,https://m.rofo.com/TX/Brenham
Magnolia,AR,Arkansas,,,,,,,,44,1080,https://m.rofo.com/AR/Magnolia
Woodruff,SC,South Carolina,,,,,,,,44,885,https://m.rofo.com/SC/Woodruff
Clio,MI,Michigan,,,,,,,,44,685,https://m.rofo.com/MI/Clio
Scott,LA,Louisiana,,,,,,,,44,681,https://m.rofo.com/LA/Scott
Middlesboro,KY,Kentucky,,,,,,,,44,545,https://m.rofo.com/KY/Middlesboro
Maynardville,TN,Tennessee,,,,,,,,44,504,https://m.rofo.com/TN/Maynardville
Mexico,MO,Missouri,,,,,,,,44,440,https://m.rofo.com/MO/Mexico
Valdosta,GA,Georgia,,,,,,,,43,1761,https://m.rofo.com/GA/Valdosta
Fayetteville,WV,West Virginia,,,,,,,,43,1191,https://m.rofo.com/WV/Fayetteville
Hays,KS,Kansas,,,,,,,,43,1064,https://m.rofo.com/KS/Hays
Sunbury,PA,Pennsylvania,,,,,,,,43,718,https://m.rofo.com/PA/Sunbury
Gardiner,ME,Maine,,,,,,,,43,637,https://m.rofo.com/ME/Gardiner
Connellsville,PA,Pennsylvania,,,,,,,,43,512,https://m.rofo.com/PA/Connellsville
Cochran,GA,Georgia,,,,,,,,43,501,https://m.rofo.com/GA/Cochran
Willows,CA,California,,,,,,,,43,391,https://m.rofo.com/CA/Willows
Roswell,NM,New Mexico,,,,,,,,42,2673,https://m.rofo.com/NM/Roswell
Benton,AR,Arkansas,,,,,,,,42,1399,https://m.rofo.com/AR/Benton
Eaton,CO,Colorado,,,,,,,,42,918,https://m.rofo.com/CO/Eaton
Socorro,NM,New Mexico,,,,,,,,42,640,https://m.rofo.com/NM/Socorro
Gilford,NH,New Hampshire,,,,,,,,42,477,https://m.rofo.com/NH/Gilford
Nashua,NH,New Hampshire,,,,,,,,41,6886,https://m.rofo.com/NH/Nashua
Littleton,NH,New Hampshire,,,,,,,,41,6780,https://m.rofo.com/NH/Littleton
Venice,FL,Florida,,,,,,,,41,3699,https://m.rofo.com/FL/Venice
Dunedin,FL,Florida,,,,,,,,41,3060,https://m.rofo.com/FL/Dunedin
Clarkston,MI,Michigan,,,,,,,,41,1753,https://m.rofo.com/MI/Clarkston
Smithfield,RI,Rhode Island,,,,,,,,41,1715,https://m.rofo.com/RI/Smithfield
Morgan Hill,CA,California,,,,,,,,41,1653,https://m.rofo.com/CA/Morgan-Hill
Phelan,CA,California,,,,,,,,41,1107,https://m.rofo.com/CA/Phelan
Centreville,MD,Maryland,,,,,,,,41,611,https://m.rofo.com/MD/Centreville
Soledad,CA,California,,,,,,,,41,545,https://m.rofo.com/CA/Soledad
Brighton,CO,Colorado,,,,,,,,40,4983,https://m.rofo.com/CO/Brighton
Dover,NH,New Hampshire,,,,,,,,40,3082,https://m.rofo.com/NH/Dover
Muskegon,MI,Michigan,,,,,,,,40,2655,https://m.rofo.com/MI/Muskegon
Haverhill,MA,Massachusetts,,,,,,,,40,1849,https://m.rofo.com/MA/Haverhill
Riverview,FL,Florida,,,,,,,,40,1786,https://m.rofo.com/FL/Riverview
Albany,LA,Louisiana,,,,,,,,40,1337,https://m.rofo.com/LA/Albany
Frankfort,IN,Indiana,,,,,,,,40,820,https://m.rofo.com/IN/Frankfort
Dorr,MI,Michigan,,,,,,,,40,664,https://m.rofo.com/MI/Dorr
Monett,MO,Missouri,,,,,,,,40,524,https://m.rofo.com/MO/Monett
Frankenmuth,MI,Michigan,,,,,,,,40,500,https://m.rofo.com/MI/Frankenmuth
Berryville,AR,Arkansas,,,,,,,,40,377,https://m.rofo.com/AR/Berryville
Bishopville,SC,South Carolina,,,,,,,,40,285,https://m.rofo.com/SC/Bishopville
Sarasota,FL,Florida,,,,,,,,39,12252,https://m.rofo.com/FL/Sarasota
Lutz,FL,Florida,,,,,,,,39,2014,https://m.rofo.com/FL/Lutz
Jamestown,NC,North Carolina,,,,,,,,39,779,https://m.rofo.com/NC/Jamestown
Mooresville,IN,Indiana,,,,,,,,39,776,https://m.rofo.com/IN/Mooresville
Ellsworth,ME,Maine,,,,,,,,39,775,https://m.rofo.com/ME/Ellsworth
Owatonna,MN,Minnesota,,,,,,,,39,707,https://m.rofo.com/MN/Owatonna
Rutherfordton,NC,North Carolina,,,,,,,,39,670,https://m.rofo.com/NC/Rutherfordton
Monticello,IN,Indiana,,,,,,,,39,663,https://m.rofo.com/IN/Monticello
Harriman,TN,Tennessee,,,,,,,,39,661,https://m.rofo.com/TN/Harriman
Collinsville,OK,Oklahoma,,,,,,,,39,584,https://m.rofo.com/OK/Collinsville
Kinston,NC,North Carolina,,,,,,,,38,1012,https://m.rofo.com/NC/Kinston
Bernalillo,NM,New Mexico,,,,,,,,38,942,https://m.rofo.com/NM/Bernalillo
Church Hill,TN,Tennessee,,,,,,,,38,937,https://m.rofo.com/TN/Church-Hill
Gunnison,CO,Colorado,,,,,,,,38,919,https://m.rofo.com/CO/Gunnison
Maysville,KY,Kentucky,,,,,,,,38,797,https://m.rofo.com/KY/Maysville
Burnsville,NC,North Carolina,,,,,,,,38,660,https://m.rofo.com/NC/Burnsville
Douglas,WY,Wyoming,,,,,,,,38,470,https://m.rofo.com/WY/Douglas
Pikeville,TN,Tennessee,,,,,,,,38,398,https://m.rofo.com/TN/Pikeville
Tyrone,PA,Pennsylvania,,,,,,,,38,305,https://m.rofo.com/PA/Tyrone
Bethel,ME,Maine,,,,,,,,38,273,https://m.rofo.com/ME/Bethel
Darien,GA,Georgia,,,,,,,,37,1380,https://m.rofo.com/GA/Darien
Big Bear Lake,CA,California,,,,,,,,37,1226,https://m.rofo.com/CA/Big-Bear-Lake
Madisonville,LA,Louisiana,,,,,,,,37,1124,https://m.rofo.com/LA/Madisonville
Red Bluff,CA,California,,,,,,,,37,981,https://m.rofo.com/CA/Red-Bluff
Kings Mountain,NC,North Carolina,,,,,,,,37,975,https://m.rofo.com/NC/Kings-Mountain
Millbrook,AL,Alabama,,,,,,,,37,830,https://m.rofo.com/AL/Millbrook
Sunset Beach,NC,North Carolina,,,,,,,,37,690,https://m.rofo.com/NC/Sunset-Beach
Newport,NH,New Hampshire,,,,,,,,37,671,https://m.rofo.com/NH/Newport
Marion,AR,Arkansas,,,,,,,,37,612,https://m.rofo.com/AR/Marion
Richfield,UT,Utah,,,,,,,,37,465,https://m.rofo.com/UT/Richfield
Morgantown,KY,Kentucky,,,,,,,,37,463,https://m.rofo.com/KY/Morgantown
Reed City,MI,Michigan,,,,,,,,37,452,https://m.rofo.com/MI/Reed-City
Collins,MS,Mississippi,,,,,,,,37,325,https://m.rofo.com/MS/Collins
Oxford,MI,Michigan,,,,,,,,36,1745,https://m.rofo.com/MI/Oxford
Midland,MI,Michigan,,,,,,,,36,1730,https://m.rofo.com/MI/Midland
Carrollton,KY,Kentucky,,,,,,,,36,1531,https://m.rofo.com/KY/Carrollton
Marshall,MI,Michigan,,,,,,,,36,1208,https://m.rofo.com/MI/Marshall
Brandon,MS,Mississippi,,,,,,,,36,1164,https://m.rofo.com/MS/Brandon
Yarmouth,ME,Maine,,,,,,,,36,1119,https://m.rofo.com/ME/Yarmouth
Bay Minette,AL,Alabama,,,,,,,,36,1108,https://m.rofo.com/AL/Bay-Minette
Benton Harbor,MI,Michigan,,,,,,,,36,1082,https://m.rofo.com/MI/Benton-Harbor
Saugerties,NY,New York,,,,,,,,36,1013,https://m.rofo.com/NY/Saugerties
Asheboro,NC,North Carolina,,,,,,,,36,993,https://m.rofo.com/NC/Asheboro
Charlotte,MI,Michigan,,,,,,,,36,868,https://m.rofo.com/MI/Charlotte
Campbellsville,KY,Kentucky,,,,,,,,36,788,https://m.rofo.com/KY/Campbellsville
Florala,AL,Alabama,,,,,,,,36,693,https://m.rofo.com/AL/Florala
Byhalia,MS,Mississippi,,,,,,,,36,615,https://m.rofo.com/MS/Byhalia
Hamilton,MT,Montana,,,,,,,,36,609,https://m.rofo.com/MT/Hamilton
Decatur,IN,Indiana,,,,,,,,36,276,https://m.rofo.com/IN/Decatur
Long Beach,MS,Mississippi,,,,,,,,35,4296,https://m.rofo.com/MS/Long-Beach
Windsor,CA,California,,,,,,,,35,3865,https://m.rofo.com/CA/Windsor
Franklin,IN,Indiana,,,,,,,,35,3306,https://m.rofo.com/IN/Franklin
Byron Center,MI,Michigan,,,,,,,,35,1567,https://m.rofo.com/MI/Byron-Center
Portage,IN,Indiana,,,,,,,,35,1172,https://m.rofo.com/IN/Portage
Semmes,AL,Alabama,,,,,,,,35,1164,https://m.rofo.com/AL/Semmes
Winthrop,ME,Maine,,,,,,,,35,1034,https://m.rofo.com/ME/Winthrop
Howard City,MI,Michigan,,,,,,,,35,855,https://m.rofo.com/MI/Howard-City
Alton,NH,New Hampshire,,,,,,,,35,801,https://m.rofo.com/NH/Alton
Okatie,SC,South Carolina,,,,,,,,35,727,https://m.rofo.com/SC/Okatie
Petoskey,MI,Michigan,,,,,,,,35,678,https://m.rofo.com/MI/Petoskey
Pikeville,KY,Kentucky,,,,,,,,35,582,https://m.rofo.com/KY/Pikeville
Crestline,CA,California,,,,,,,,35,531,https://m.rofo.com/CA/Crestline
Paradise,CA,California,,,,,,,,35,460,https://m.rofo.com/CA/Paradise
Wartburg,TN,Tennessee,,,,,,,,35,364,https://m.rofo.com/TN/Wartburg
Palm Springs,CA,California,,,,,,,,34,4354,https://m.rofo.com/CA/Palm-Springs
Plymouth,MI,Michigan,,,,,,,,34,3108,https://m.rofo.com/MI/Plymouth
Prairieville,LA,Louisiana,,,,,,,,34,2378,https://m.rofo.com/LA/Prairieville
Denver,NC,North Carolina,,,,,,,,34,1013,https://m.rofo.com/NC/Denver
Clinton,MO,Missouri,,,,,,,,34,861,https://m.rofo.com/MO/Clinton
Tijeras,NM,New Mexico,,,,,,,,34,857,https://m.rofo.com/NM/Tijeras
Ashland City,TN,Tennessee,,,,,,,,34,685,https://m.rofo.com/TN/Ashland-City
Middleville,MI,Michigan,,,,,,,,34,525,https://m.rofo.com/MI/Middleville
Russellville,KY,Kentucky,,,,,,,,34,512,https://m.rofo.com/KY/Russellville
Shelton,WA,Washington,,,,,,,,34,460,https://m.rofo.com/WA/Shelton
Princeton,MN,Minnesota,,,,,,,,34,380,https://m.rofo.com/MN/Princeton
Brooklyn,MI,Michigan,,,,,,,,34,369,https://m.rofo.com/MI/Brooklyn
Powell,WY,Wyoming,,,,,,,,34,310,https://m.rofo.com/WY/Powell
Westmoreland,TN,Tennessee,,,,,,,,34,287,https://m.rofo.com/TN/Westmoreland
Holiday,FL,Florida,,,,,,,,33,1591,https://m.rofo.com/FL/Holiday
Kendallville,IN,Indiana,,,,,,,,33,1100,https://m.rofo.com/IN/Kendallville
Lebanon,OR,Oregon,,,,,,,,33,1088,https://m.rofo.com/OR/Lebanon
Elko,NV,Nevada,,,,,,,,33,981,https://m.rofo.com/NV/Elko
Lowell,IN,Indiana,,,,,,,,33,944,https://m.rofo.com/IN/Lowell
Coopersville,MI,Michigan,,,,,,,,33,907,https://m.rofo.com/MI/Coopersville
Franklin,LA,Louisiana,,,,,,,,33,881,https://m.rofo.com/LA/Franklin
Cullman,AL,Alabama,,,,,,,,33,763,https://m.rofo.com/AL/Cullman
South Pittsburg,TN,Tennessee,,,,,,,,33,674,https://m.rofo.com/TN/South-Pittsburg
Rocky Point,NC,North Carolina,,,,,,,,33,669,https://m.rofo.com/NC/Rocky-Point
Wilton,NH,New Hampshire,,,,,,,,33,657,https://m.rofo.com/NH/Wilton
Skiatook,OK,Oklahoma,,,,,,,,33,495,https://m.rofo.com/OK/Skiatook
Edwards,CO,Colorado,,,,,,,,33,424,https://m.rofo.com/CO/Edwards
Deming,NM,New Mexico,,,,,,,,33,373,https://m.rofo.com/NM/Deming
Tryon,NC,North Carolina,,,,,,,,33,333,https://m.rofo.com/NC/Tryon
Cripple Creek,CO,Colorado,,,,,,,,33,290,https://m.rofo.com/CO/Cripple-Creek
Turner,ME,Maine,,,,,,,,33,256,https://m.rofo.com/ME/Turner
Owego,NY,New York,,,,,,,,32,7571,https://m.rofo.com/NY/Owego
Rochester,NH,New Hampshire,,,,,,,,32,6037,https://m.rofo.com/NH/Rochester
Harvey,LA,Louisiana,,,,,,,,32,1658,https://m.rofo.com/LA/Harvey
Marianna,FL,Florida,,,,,,,,32,1157,https://m.rofo.com/FL/Marianna
Shelbyville,IN,Indiana,,,,,,,,32,1107,https://m.rofo.com/IN/Shelbyville
Jackson,CA,California,,,,,,,,32,964,https://m.rofo.com/CA/Jackson
Parsons,KS,Kansas,,,,,,,,32,774,https://m.rofo.com/KS/Parsons
Blountville,TN,Tennessee,,,,,,,,32,670,https://m.rofo.com/TN/Blountville
Monmouth,OR,Oregon,,,,,,,,32,635,https://m.rofo.com/OR/Monmouth
Peru,IN,Indiana,,,,,,,,32,617,https://m.rofo.com/IN/Peru
Tilton,NH,New Hampshire,,,,,,,,32,603,https://m.rofo.com/NH/Tilton
Rolla,MO,Missouri,,,,,,,,32,535,https://m.rofo.com/MO/Rolla
Auburn,MI,Michigan,,,,,,,,32,451,https://m.rofo.com/MI/Auburn
Coalinga,CA,California,,,,,,,,32,408,https://m.rofo.com/CA/Coalinga
Henniker,NH,New Hampshire,,,,,,,,32,381,https://m.rofo.com/NH/Henniker
Springvale,ME,Maine,,,,,,,,32,163,https://m.rofo.com/ME/Springvale
Santa Rosa,CA,California,,,,,,,,31,25743,https://m.rofo.com/CA/Santa-Rosa
Andover,NH,New Hampshire,,,,,,,,31,2635,https://m.rofo.com/NH/Andover
Clinton,LA,Louisiana,,,,,,,,31,1323,https://m.rofo.com/LA/Clinton
Woodstock,NY,New York,,,,,,,,31,1317,https://m.rofo.com/NY/Woodstock
Lockhart,TX,Texas,,,,,,,,31,1030,https://m.rofo.com/TX/Lockhart
Millsboro,DE,Delaware,,,,,,,,31,904,https://m.rofo.com/DE/Millsboro
Effingham,IL,Illinois,,,,,,,,31,705,https://m.rofo.com/IL/Effingham
Ellenton,FL,Florida,,,,,,,,31,683,https://m.rofo.com/FL/Ellenton
Fort Bragg,CA,California,,,,,,,,31,608,https://m.rofo.com/CA/Fort-Bragg
Lewisburg,WV,West Virginia,,,,,,,,31,546,https://m.rofo.com/WV/Lewisburg
Connersville,IN,Indiana,,,,,,,,31,490,https://m.rofo.com/IN/Connersville
Murphy,NC,North Carolina,,,,,,,,31,484,https://m.rofo.com/NC/Murphy
Corning,CA,California,,,,,,,,31,379,https://m.rofo.com/CA/Corning
Grants,NM,New Mexico,,,,,,,,31,374,https://m.rofo.com/NM/Grants
Waskom,TX,Texas,,,,,,,,31,220,https://m.rofo.com/TX/Waskom
Wilmington,NC,North Carolina,,,,,,,,30,19281,https://m.rofo.com/NC/Wilmington
Sale Creek,TN,Tennessee,,,,,,,,30,2853,https://m.rofo.com/TN/Sale-Creek
Utica,NY,New York,,,,,,,,30,2284,https://m.rofo.com/NY/Utica
Cathedral City,CA,California,,,,,,,,30,2167,https://m.rofo.com/CA/Cathedral-City
Panama City,FL,Florida,,,,,,,,30,1851,https://m.rofo.com/FL/Panama-City
Kokomo,IN,Indiana,,,,,,,,30,1515,https://m.rofo.com/IN/Kokomo
Redford,MI,Michigan,,,,,,,,30,1317,https://m.rofo.com/MI/Redford
Wilson,NC,North Carolina,,,,,,,,30,1243,https://m.rofo.com/NC/Wilson
Salem,IN,Indiana,,,,,,,,30,1135,https://m.rofo.com/IN/Salem
Holly,MI,Michigan,,,,,,,,30,1019,https://m.rofo.com/MI/Holly
Cambria,CA,California,,,,,,,,30,867,https://m.rofo.com/CA/Cambria
Rockville,IN,Indiana,,,,,,,,30,728,https://m.rofo.com/IN/Rockville
Yucca Valley,CA,California,,,,,,,,30,687,https://m.rofo.com/CA/Yucca-Valley
Bastrop,LA,Louisiana,,,,,,,,30,667,https://m.rofo.com/LA/Bastrop
Enfield,NH,New Hampshire,,,,,,,,30,545,https://m.rofo.com/NH/Enfield
Eunice,LA,Louisiana,,,,,,,,30,489,https://m.rofo.com/LA/Eunice
Rockmart,GA,Georgia,,,,,,,,30,440,https://m.rofo.com/GA/Rockmart
Williamsport,MD,Maryland,,,,,,,,30,422,https://m.rofo.com/MD/Williamsport
Monticello,GA,Georgia,,,,,,,,30,387,https://m.rofo.com/GA/Monticello
Four Oaks,NC,North Carolina,,,,,,,,30,287,https://m.rofo.com/NC/Four-Oaks
Winnsboro,LA,Louisiana,,,,,,,,30,283,https://m.rofo.com/LA/Winnsboro
Palo Cedro,CA,California,,,,,,,,29,8491,https://m.rofo.com/CA/Palo-Cedro
Coloma,MI,Michigan,,,,,,,,29,4938,https://m.rofo.com/MI/Coloma
Ruskin,FL,Florida,,,,,,,,29,1287,https://m.rofo.com/FL/Ruskin
Sebastian,FL,Florida,,,,,,,,29,1086,https://m.rofo.com/FL/Sebastian
Hudson,MI,Michigan,,,,,,,,29,1032,https://m.rofo.com/MI/Hudson
Methuen,MA,Massachusetts,,,,,,,,29,936,https://m.rofo.com/MA/Methuen
Kingston,NH,New Hampshire,,,,,,,,29,852,https://m.rofo.com/NH/Kingston
Canon City,CO,Colorado,,,,,,,,29,675,https://m.rofo.com/CO/Canon-City
Waupaca,WI,Wisconsin,,,,,,,,29,525,https://m.rofo.com/WI/Waupaca
Searcy,AR,Arkansas,,,,,,,,29,522,https://m.rofo.com/AR/Searcy
Marinette,WI,Wisconsin,,,,,,,,29,469,https://m.rofo.com/WI/Marinette
Durant,OK,Oklahoma,,,,,,,,29,368,https://m.rofo.com/OK/Durant
Gentry,AR,Arkansas,,,,,,,,29,360,https://m.rofo.com/AR/Gentry
Dillwyn,VA,Virginia,,,,,,,,29,189,https://m.rofo.com/VA/Dillwyn
Castle Rock,CO,Colorado,,,,,,,,28,3701,https://m.rofo.com/CO/Castle-Rock
Loxley,AL,Alabama,,,,,,,,28,1742,https://m.rofo.com/AL/Loxley
Woodland,CA,California,,,,,,,,28,1441,https://m.rofo.com/CA/Woodland
New Smyrna Beach,FL,Florida,,,,,,,,28,1152,https://m.rofo.com/FL/New-Smyrna-Beach
North Platte,NE,Nebraska,,,,,,,,28,641,https://m.rofo.com/NE/North-Platte
Florence,SC,South Carolina,,,,,,,,28,549,https://m.rofo.com/SC/Florence
Opp,AL,Alabama,,,,,,,,28,533,https://m.rofo.com/AL/Opp
Fillmore,CA,California,,,,,,,,28,514,https://m.rofo.com/CA/Fillmore
Saint Martinville,LA,Louisiana,,,,,,,,28,465,https://m.rofo.com/LA/Saint-Martinville
Freeland,MI,Michigan,,,,,,,,28,427,https://m.rofo.com/MI/Freeland
Springhill,LA,Louisiana,,,,,,,,28,416,https://m.rofo.com/LA/Springhill
Gilmer,TX,Texas,,,,,,,,28,357,https://m.rofo.com/TX/Gilmer
Honea Path,SC,South Carolina,,,,,,,,28,331,https://m.rofo.com/SC/Honea-Path
Ripley,MS,Mississippi,,,,,,,,28,258,https://m.rofo.com/MS/Ripley
Lake Lure,NC,North Carolina,,,,,,,,28,256,https://m.rofo.com/NC/Lake-Lure
Presque Isle,ME,Maine,,,,,,,,28,225,https://m.rofo.com/ME/Presque-Isle
Bloomington,IN,Indiana,,,,,,,,27,4862,https://m.rofo.com/IN/Bloomington
Rockford,IL,Illinois,,,,,,,,27,3827,https://m.rofo.com/IL/Rockford
Lincoln,NH,New Hampshire,,,,,,,,27,1200,https://m.rofo.com/NH/Lincoln
Claremont,NH,New Hampshire,,,,,,,,27,716,https://m.rofo.com/NH/Claremont
Jonesboro,LA,Louisiana,,,,,,,,27,587,https://m.rofo.com/LA/Jonesboro
Wisconsin Dells,WI,Wisconsin,,,,,,,,27,522,https://m.rofo.com/WI/Wisconsin-Dells
Kingsland,GA,Georgia,,,,,,,,27,500,https://m.rofo.com/GA/Kingsland
Cuero,TX,Texas,,,,,,,,27,484,https://m.rofo.com/TX/Cuero
Ellenville,NY,New York,,,,,,,,27,474,https://m.rofo.com/NY/Ellenville
Morrilton,AR,Arkansas,,,,,,,,27,355,https://m.rofo.com/AR/Morrilton
Laurinburg,NC,North Carolina,,,,,,,,27,352,https://m.rofo.com/NC/Laurinburg
Bellville,TX,Texas,,,,,,,,27,348,https://m.rofo.com/TX/Bellville
Port Isabel,TX,Texas,,,,,,,,27,316,https://m.rofo.com/TX/Port-Isabel
Mancos,CO,Colorado,,,,,,,,27,207,https://m.rofo.com/CO/Mancos
Jennings,LA,Louisiana,,,,,,,,27,205,https://m.rofo.com/LA/Jennings
Fairfield,CA,California,,,,,,,,26,10638,https://m.rofo.com/CA/Fairfield
Biloxi,MS,Mississippi,,,,,,,,26,2250,https://m.rofo.com/MS/Biloxi
Newton,MS,Mississippi,,,,,,,,26,2116,https://m.rofo.com/MS/Newton
Newport,KY,Kentucky,,,,,,,,26,1880,https://m.rofo.com/KY/Newport
Westbrook,ME,Maine,,,,,,,,26,1556,https://m.rofo.com/ME/Westbrook
Saint John,IN,Indiana,,,,,,,,26,1188,https://m.rofo.com/IN/Saint-John
Sellersburg,IN,Indiana,,,,,,,,26,1148,https://m.rofo.com/IN/Sellersburg
Bunnell,FL,Florida,,,,,,,,26,1069,https://m.rofo.com/FL/Bunnell
Clinton,NY,New York,,,,,,,,26,899,https://m.rofo.com/NY/Clinton
Smithfield,NC,North Carolina,,,,,,,,26,887,https://m.rofo.com/NC/Smithfield
Robertsdale,AL,Alabama,,,,,,,,26,693,https://m.rofo.com/AL/Robertsdale
Bellevue,ID,Idaho,,,,,,,,26,674,https://m.rofo.com/ID/Bellevue
Dewitt,MI,Michigan,,,,,,,,26,667,https://m.rofo.com/MI/Dewitt
Bartlesville,OK,Oklahoma,,,,,,,,26,593,https://m.rofo.com/OK/Bartlesville
Ponca City,OK,Oklahoma,,,,,,,,26,541,https://m.rofo.com/OK/Ponca-City
Oregon,WI,Wisconsin,,,,,,,,26,415,https://m.rofo.com/WI/Oregon
Waynesburg,PA,Pennsylvania,,,,,,,,26,349,https://m.rofo.com/PA/Waynesburg
Purvis,MS,Mississippi,,,,,,,,26,322,https://m.rofo.com/MS/Purvis
Mesilla Park,NM,New Mexico,,,,,,,,26,293,https://m.rofo.com/NM/Mesilla-Park
Ville Platte,LA,Louisiana,,,,,,,,26,236,https://m.rofo.com/LA/Ville-Platte
Ashdown,AR,Arkansas,,,,,,,,26,131,https://m.rofo.com/AR/Ashdown
Indianapolis,IN,Indiana,,,,,,,,25,12674,https://m.rofo.com/IN/Indianapolis
Lincoln,RI,Rhode Island,,,,,,,,25,2752,https://m.rofo.com/RI/Lincoln
Saline,MI,Michigan,,,,,,,,25,1673,https://m.rofo.com/MI/Saline
Windham,ME,Maine,,,,,,,,25,1028,https://m.rofo.com/ME/Windham
Avon Park,FL,Florida,,,,,,,,25,969,https://m.rofo.com/FL/Avon-Park
Frankfort,IL,Illinois,,,,,,,,25,907,https://m.rofo.com/IL/Frankfort
Troy,AL,Alabama,,,,,,,,25,860,https://m.rofo.com/AL/Troy
Chelan,WA,Washington,,,,,,,,25,788,https://m.rofo.com/WA/Chelan
Kennebunk,ME,Maine,,,,,,,,25,729,https://m.rofo.com/ME/Kennebunk
Anamosa,IA,Iowa,,,,,,,,25,633,https://m.rofo.com/IA/Anamosa
Mountain City,TN,Tennessee,,,,,,,,25,630,https://m.rofo.com/TN/Mountain-City
Peru,IL,Illinois,,,,,,,,25,568,https://m.rofo.com/IL/Peru
Corinth,MS,Mississippi,,,,,,,,25,528,https://m.rofo.com/MS/Corinth
Stevensville,MI,Michigan,,,,,,,,25,415,https://m.rofo.com/MI/Stevensville
Smithville,TN,Tennessee,,,,,,,,25,382,https://m.rofo.com/TN/Smithville
Wrightsville Beach,NC,North Carolina,,,,,,,,25,379,https://m.rofo.com/NC/Wrightsville-Beach
Snow Hill,NC,North Carolina,,,,,,,,25,375,https://m.rofo.com/NC/Snow-Hill
Ironwood,MI,Michigan,,,,,,,,25,320,https://m.rofo.com/MI/Ironwood
Abbeville,AL,Alabama,,,,,,,,25,298,https://m.rofo.com/AL/Abbeville
Groveland,MA,Massachusetts,,,,,,,,25,288,https://m.rofo.com/MA/Groveland
Paxton,IL,Illinois,,,,,,,,25,269,https://m.rofo.com/IL/Paxton
Winnebago,IL,Illinois,,,,,,,,25,246,https://m.rofo.com/IL/Winnebago
Thayne,WY,Wyoming,,,,,,,,25,245,https://m.rofo.com/WY/Thayne
Union,SC,South Carolina,,,,,,,,25,178,https://m.rofo.com/SC/Union
Tallahassee,FL,Florida,,,,,,,,24,7175,https://m.rofo.com/FL/Tallahassee
Portsmouth,RI,Rhode Island,,,,,,,,24,2248,https://m.rofo.com/RI/Portsmouth
Swansboro,NC,North Carolina,,,,,,,,24,1258,https://m.rofo.com/NC/Swansboro
Terre Haute,IN,Indiana,,,,,,,,24,1231,https://m.rofo.com/IN/Terre-Haute
Lehigh Acres,FL,Florida,,,,,,,,24,870,https://m.rofo.com/FL/Lehigh-Acres
Leavenworth,WA,Washington,,,,,,,,24,849,https://m.rofo.com/WA/Leavenworth
Charlestown,RI,Rhode Island,,,,,,,,24,620,https://m.rofo.com/RI/Charlestown
Wasco,CA,California,,,,,,,,24,617,https://m.rofo.com/CA/Wasco
Creedmoor,NC,North Carolina,,,,,,,,24,566,https://m.rofo.com/NC/Creedmoor
Robstown,TX,Texas,,,,,,,,24,538,https://m.rofo.com/TX/Robstown
Aztec,NM,New Mexico,,,,,,,,24,478,https://m.rofo.com/NM/Aztec
Neosho,MO,Missouri,,,,,,,,24,430,https://m.rofo.com/MO/Neosho
Cobleskill,NY,New York,,,,,,,,24,410,https://m.rofo.com/NY/Cobleskill
Fulton,MS,Mississippi,,,,,,,,24,407,https://m.rofo.com/MS/Fulton
Tullahoma,TN,Tennessee,,,,,,,,24,402,https://m.rofo.com/TN/Tullahoma
Lonoke,AR,Arkansas,,,,,,,,24,387,https://m.rofo.com/AR/Lonoke
Hiawassee,GA,Georgia,,,,,,,,24,346,https://m.rofo.com/GA/Hiawassee
Woodstock,VT,Vermont,,,,,,,,24,297,https://m.rofo.com/VT/Woodstock
Gualala,CA,California,,,,,,,,24,191,https://m.rofo.com/CA/Gualala
Coal City,IL,Illinois,,,,,,,,23,5705,https://m.rofo.com/IL/Coal-City
Kalamazoo,MI,Michigan,,,,,,,,23,4009,https://m.rofo.com/MI/Kalamazoo
Woodbridge,VA,Virginia,,,,,,,,23,3793,https://m.rofo.com/VA/Woodbridge
Windsor,CO,Colorado,,,,,,,,23,3303,https://m.rofo.com/CO/Windsor
Gorham,ME,Maine,,,,,,,,23,1671,https://m.rofo.com/ME/Gorham
Covington,GA,Georgia,,,,,,,,23,1589,https://m.rofo.com/GA/Covington
Danville,IN,Indiana,,,,,,,,23,1121,https://m.rofo.com/IN/Danville
Plaistow,NH,New Hampshire,,,,,,,,23,1078,https://m.rofo.com/NH/Plaistow
Grass Valley,CA,California,,,,,,,,23,919,https://m.rofo.com/CA/Grass-Valley
Niceville,FL,Florida,,,,,,,,23,850,https://m.rofo.com/FL/Niceville
Auburn,IN,Indiana,,,,,,,,23,741,https://m.rofo.com/IN/Auburn
Poland,ME,Maine,,,,,,,,23,680,https://m.rofo.com/ME/Poland
Red Wing,MN,Minnesota,,,,,,,,23,674,https://m.rofo.com/MN/Red-Wing
Blackfoot,ID,Idaho,,,,,,,,23,638,https://m.rofo.com/ID/Blackfoot
Clinton,MA,Massachusetts,,,,,,,,23,584,https://m.rofo.com/MA/Clinton
Meadville,PA,Pennsylvania,,,,,,,,23,525,https://m.rofo.com/PA/Meadville
Martinsville,IN,Indiana,,,,,,,,23,455,https://m.rofo.com/IN/Martinsville
Nokomis,FL,Florida,,,,,,,,23,448,https://m.rofo.com/FL/Nokomis
Scottsville,KY,Kentucky,,,,,,,,23,440,https://m.rofo.com/KY/Scottsville
Waverly,NY,New York,,,,,,,,23,416,https://m.rofo.com/NY/Waverly
New Buffalo,MI,Michigan,,,,,,,,23,401,https://m.rofo.com/MI/New-Buffalo
Boyne City,MI,Michigan,,,,,,,,23,387,https://m.rofo.com/MI/Boyne-City
Clinton,AR,Arkansas,,,,,,,,23,364,https://m.rofo.com/AR/Clinton
Lucedale,MS,Mississippi,,,,,,,,23,329,https://m.rofo.com/MS/Lucedale
Corydon,IN,Indiana,,,,,,,,23,283,https://m.rofo.com/IN/Corydon
Spring Hope,NC,North Carolina,,,,,,,,23,282,https://m.rofo.com/NC/Spring-Hope
Cuba,MO,Missouri,,,,,,,,23,207,https://m.rofo.com/MO/Cuba
Anza,CA,California,,,,,,,,23,185,https://m.rofo.com/CA/Anza
Kingston,OK,Oklahoma,,,,,,,,23,174,https://m.rofo.com/OK/Kingston
Grand Bay,AL,Alabama,,,,,,,,23,144,https://m.rofo.com/AL/Grand-Bay
Evansville,IN,Indiana,,,,,,,,22,4814,https://m.rofo.com/IN/Evansville
Winchester,VA,Virginia,,,,,,,,22,4075,https://m.rofo.com/VA/Winchester
Tracy,CA,California,,,,,,,,22,4042,https://m.rofo.com/CA/Tracy
Springfield,IL,Illinois,,,,,,,,22,2561,https://m.rofo.com/IL/Springfield
Greenwood,IN,Indiana,,,,,,,,22,2164,https://m.rofo.com/IN/Greenwood
Kenosha,WI,Wisconsin,,,,,,,,22,1633,https://m.rofo.com/WI/Kenosha
Livingston,LA,Louisiana,,,,,,,,22,994,https://m.rofo.com/LA/Livingston
Alcoa,TN,Tennessee,,,,,,,,22,899,https://m.rofo.com/TN/Alcoa
Seabrook,NH,New Hampshire,,,,,,,,22,857,https://m.rofo.com/NH/Seabrook
Moncks Corner,SC,South Carolina,,,,,,,,22,853,https://m.rofo.com/SC/Moncks-Corner
Harlingen,TX,Texas,,,,,,,,22,804,https://m.rofo.com/TX/Harlingen
Santa Paula,CA,California,,,,,,,,22,635,https://m.rofo.com/CA/Santa-Paula
Ozark,AL,Alabama,,,,,,,,22,551,https://m.rofo.com/AL/Ozark
Paris,TX,Texas,,,,,,,,22,549,https://m.rofo.com/TX/Paris
Ashland,OH,Ohio,,,,,,,,22,539,https://m.rofo.com/OH/Ashland
Newport,NC,North Carolina,,,,,,,,22,498,https://m.rofo.com/NC/Newport
Jefferson City,TN,Tennessee,,,,,,,,22,474,https://m.rofo.com/TN/Jefferson-City
Shelbyville,KY,Kentucky,,,,,,,,22,469,https://m.rofo.com/KY/Shelbyville
Franklin,NC,North Carolina,,,,,,,,22,458,https://m.rofo.com/NC/Franklin
Fort Valley,GA,Georgia,,,,,,,,22,390,https://m.rofo.com/GA/Fort-Valley
Nags Head,NC,North Carolina,,,,,,,,22,350,https://m.rofo.com/NC/Nags-Head
Jerome,ID,Idaho,,,,,,,,22,333,https://m.rofo.com/ID/Jerome
Midway,KY,Kentucky,,,,,,,,22,262,https://m.rofo.com/KY/Midway
Hardy,AR,Arkansas,,,,,,,,22,210,https://m.rofo.com/AR/Hardy
Pittsfield,ME,Maine,,,,,,,,22,177,https://m.rofo.com/ME/Pittsfield
Concord,CA,California,,,,,,,,21,4831,https://m.rofo.com/CA/Concord
North Fort Myers,FL,Florida,,,,,,,,21,3037,https://m.rofo.com/FL/North-Fort-Myers
Deltona,FL,Florida,,,,,,,,21,2610,https://m.rofo.com/FL/Deltona
Allen Park,MI,Michigan,,,,,,,,21,2006,https://m.rofo.com/MI/Allen-Park
Kearney,NE,Nebraska,,,,,,,,21,1512,https://m.rofo.com/NE/Kearney
Manchester,ME,Maine,,,,,,,,21,1186,https://m.rofo.com/ME/Manchester
Victoria,TX,Texas,,,,,,,,21,896,https://m.rofo.com/TX/Victoria
